Site_Name,Site_Code,Year
Sharpsburg Creek,NCRN_ANTI_SHCK,2022
Big Hunting Creek,NCRN_CATO_BHCK,2022
Owens Creek,NCRN_CATO_OWCK,2022
Whiskey Still Creek,NCRN_CATO_WHST,2022
Minnehaha Creek,NCRN_GWMP_MICR,2022
Mine Run,NCRN_GWMP_MIRU,2022
Pimmit Run,NCRN_GWMP_PIRU,2022
Turkey Run,NCRN_GWMP_TURU,2022
Flowing Springs Run,NCRN_HAFE_FLSP,2022
Young's Branch,NCRN_MANA_YOBR,2022
NCRN Monocacy Park at Bush Creek,NCRN_MONO_BUCK,2022
Visitor's Center Creek,NCRN_MONO_VCCR,2022
Henson Creek @ Suitland Road,NCRN_NACE_HECR,2022
Oxon Run,NCRN_NACE_OXRU,2022
"Still Creek, Greenbelt Park",NCRN_NACE_STCK,2022
Broad Branch,NCRN_ROCR_BRBR,2019
Dumbarton Oaks,NCRN_ROCR_DUOA,2019
Fenwick Branch,NCRN_ROCR_FEBR,2019
Hazen Creek,NCRN_ROCR_HACR,2019
Klingle Valley,NCRN_ROCR_KLVA,2019
Luzon Branch,NCRN_ROCR_LUBR,2019
Normanstone Branch,NCRN_ROCR_NOST,2019
Palisades Creek,NCRN_ROCR_PACR,2022
Pinehurst Branch,NCRN_ROCR_PHBR,2019
Piney Branch,NCRN_ROCR_PYBR,2019
Rock Creek at Dumbarton Oaks,NCRN_ROCR_ROC3,2022
Courthouse Creek,NCRN_WOTR_CHCK,2022
Wolf Trap Creek,NCRN_WOTR_WOTR,2022
Boneyard Run,NCRN-PRWI-BONE,2021
Carter's Run,NCRN-PRWI-CARU,2021
Mawavi Run,NCRN-PRWI-MARU,2021
Mary Bird Branch,NCRN-PRWI-MBBR,2021
North Fork Quantico Creek,NCRN-PRWI-NFQC,2021
Orrenda Run,NCRN-PRWI-ORRU,2021
South Fork Quantico Creek,NCRN-PRWI-SFQC,2021
Sow Run,NCRN-PRWI-SORU,2021
Taylor Run,NCRN-PRWI-TARU,2021